<?xml version="1.0" encoding="UTF-8"?>
<project-private xmlns="http://www.netbeans.org/ns/project-private/1">
    <editor-bookmarks xmlns="http://www.netbeans.org/ns/editor-bookmarks/2" lastBookmarkId="0"/>
    <open-files xmlns="http://www.netbeans.org/ns/projectui-open-files/2">
        <group>
            <file>file:/C:/Users/divmi/Documents/SEM%202/Software%20design/Deliverable3/GameOfWar/src/gameofwar/Rules.java</file>
            <file>file:/C:/Users/divmi/Documents/SEM%202/Software%20design/Deliverable3/GameOfWar/src/gameofwar/Intro.java</file>
            <file>file:/C:/Users/divmi/Documents/SEM%202/Software%20design/Deliverable3/GameOfWar/src/gameofwar/CardGroup.java</file>
            <file>file:/C:/Users/divmi/Documents/SEM%202/Software%20design/Deliverable3/GameOfWar/src/gameofwar/Cardcomparison.java</file>
            <file>file:/C:/Users/divmi/Documents/SEM%202/Software%20design/Deliverable3/GameOfWar/src/gameofwar/Player.java</file>
            <file>file:/C:/Users/divmi/Documents/SEM%202/Software%20design/Deliverable3/GameOfWar/src/gameofwar/TotalCards.java</file>
            <file>file:/C:/Users/divmi/Documents/SEM%202/Software%20design/Deliverable3/GameOfWar/src/gameofwar/Game.java</file>
            <file>file:/C:/Users/divmi/Documents/SEM%202/Software%20design/Deliverable3/GameOfWar/src/gameofwar/PlayGame.java</file>
            <file>file:/C:/Users/divmi/Documents/SEM%202/Software%20design/Deliverable3/GameOfWar/src/gameofwar/TheWar.java</file>
            <file>file:/C:/Users/divmi/Documents/SEM%202/Software%20design/Deliverable3/GameOfWar/src/gameofwar/DeckSplit.java</file>
            <file>file:/C:/Users/divmi/Documents/SEM%202/Software%20design/Deliverable3/GameOfWar/src/gameofwar/War.java</file>
            <file>file:/C:/Users/divmi/Documents/SEM%202/Software%20design/Deliverable3/GameOfWar/src/gameofwar/WarPlayer.java</file>
            <file>file:/C:/Users/divmi/Documents/SEM%202/Software%20design/Deliverable3/GameOfWar/src/gameofwar/Settings.java</file>
            <file>file:/C:/Users/divmi/Documents/SEM%202/Software%20design/Deliverable3/GameOfWar/src/gameofwar/Card.java</file>
            <file>file:/C:/Users/divmi/Documents/SEM%202/Software%20design/Deliverable3/GameOfWar/src/gameofwar/DeckOfCards.java</file>
            <file>file:/C:/Users/divmi/Documents/SEM%202/Software%20design/Deliverable3/GameOfWar/src/gameofwar/ASCII.java</file>
        </group>
    </open-files>
</project-private>
